,topic,sentiment_avg
0,pemilu 2024,2.2382010327849167
1,Anies Baswedan,1.7493234932349324
2,G20,3.2615504220346514
3,Omnibus law,2.003911980440098
4,Pemindahan ibukota,2.8494959193470955
5,RKUHP,1.3596491228070176
6,Sambo,1.2846046835149547
